{
	"info": {
		"_postman_id": "b48aebd9-5033-4f25-ac71-5c56235e26e9",
		"name": "Diplom",
		"schema": "https://schema.getpostman.com/json/collection/v2.1.0/collection.json",
		"_exporter_id": "19266869"
	},
	"item": [
		{
			"name": "Todoist",
			"item": [
				{
					"name": "Проект",
					"item": [
						{
							"name": "Получает все проекты",
							"event": [
								{
									"listen": "test",
									"script": {
										"exec": [
											""
										],
										"type": "text/javascript"
									}
								}
							],
							"protocolProfileBehavior": {
								"disableBodyPruning": true
							},
							"request": {
								"method": "GET",
								"header": [
									{
										"key": "Content-Type",
										"value": "application/json",
										"type": "text"
									}
								],
								"body": {
									"mode": "raw",
									"raw": "",
									"options": {
										"raw": {
											"language": "json"
										}
									}
								},
								"url": {
									"raw": "{{url}}/projects",
									"host": [
										"{{url}}"
									],
									"path": [
										"projects"
									]
								}
							},
							"response": []
						},
						{
							"name": "Создает проект",
							"event": [
								{
									"listen": "test",
									"script": {
										"exec": [
											""
										],
										"type": "text/javascript"
									}
								},
								{
									"listen": "prerequest",
									"script": {
										"exec": [
											""
										],
										"type": "text/javascript"
									}
								}
							],
							"request": {
								"method": "POST",
								"header": [
									{
										"key": "Content-Type",
										"value": "application/json",
										"type": "text"
									}
								],
								"body": {
									"mode": "raw",
									"raw": "{\r\n    \"name\": \"Тест создания проекта\",\r\n    \"color\": 32\r\n}",
									"options": {
										"raw": {
											"language": "json"
										}
									}
								},
								"url": {
									"raw": "{{url}}/projects",
									"host": [
										"{{url}}"
									],
									"path": [
										"projects"
									]
								}
							},
							"response": []
						},
						{
							"name": "Обновляет проект",
							"event": [
								{
									"listen": "prerequest",
									"script": {
										"exec": [
											""
										],
										"type": "text/javascript"
									}
								},
								{
									"listen": "test",
									"script": {
										"exec": [
											""
										],
										"type": "text/javascript"
									}
								}
							],
							"request": {
								"method": "POST",
								"header": [],
								"body": {
									"mode": "raw",
									"raw": "{\r\n    \"favorite\": \"false\"\r\n}",
									"options": {
										"raw": {
											"language": "json"
										}
									}
								},
								"url": {
									"raw": "{{url}}/projects/2297380770",
									"host": [
										"{{url}}"
									],
									"path": [
										"projects",
										"2297380770"
									]
								}
							},
							"response": []
						}
					]
				},
				{
					"name": "Задача",
					"item": [
						{
							"name": "Получить список всех активных задач",
							"event": [
								{
									"listen": "test",
									"script": {
										"exec": [
											""
										],
										"type": "text/javascript"
									}
								}
							],
							"request": {
								"method": "GET",
								"header": [
									{
										"key": "Content-Type",
										"value": "application/json",
										"type": "text"
									}
								],
								"url": {
									"raw": "{{url}}/tasks",
									"host": [
										"{{url}}"
									],
									"path": [
										"tasks"
									]
								}
							},
							"response": []
						},
						{
							"name": "Закрыть задачу",
							"event": [
								{
									"listen": "prerequest",
									"script": {
										"exec": [
											""
										],
										"type": "text/javascript"
									}
								},
								{
									"listen": "test",
									"script": {
										"exec": [
											""
										],
										"type": "text/javascript"
									}
								}
							],
							"request": {
								"method": "POST",
								"header": [],
								"url": {
									"raw": "{{url}}/tasks/6123150481/close",
									"host": [
										"{{url}}"
									],
									"path": [
										"tasks",
										"6123150481",
										"close"
									]
								}
							},
							"response": []
						},
						{
							"name": "Возобновить задачу",
							"event": [
								{
									"listen": "prerequest",
									"script": {
										"exec": [
											""
										],
										"type": "text/javascript"
									}
								},
								{
									"listen": "test",
									"script": {
										"exec": [
											""
										],
										"type": "text/javascript"
									}
								}
							],
							"request": {
								"method": "POST",
								"header": [],
								"url": {
									"raw": "{{url}}/tasks/6123150481/reopen",
									"host": [
										"{{url}}"
									],
									"path": [
										"tasks",
										"6123150481",
										"reopen"
									]
								}
							},
							"response": []
						}
					]
				},
				{
					"name": "Комментарии",
					"item": [
						{
							"name": "Получить все комментарии по проекту",
							"event": [
								{
									"listen": "prerequest",
									"script": {
										"exec": [
											""
										],
										"type": "text/javascript"
									}
								},
								{
									"listen": "test",
									"script": {
										"exec": [
											""
										],
										"type": "text/javascript"
									}
								}
							],
							"request": {
								"method": "GET",
								"header": [],
								"url": {
									"raw": "{{url}}/comments?project_id=2297380770",
									"host": [
										"{{url}}"
									],
									"path": [
										"comments"
									],
									"query": [
										{
											"key": "project_id",
											"value": "2297380770"
										}
									]
								}
							},
							"response": []
						},
						{
							"name": "Создать новый комментарий к задаче",
							"event": [
								{
									"listen": "prerequest",
									"script": {
										"exec": [
											""
										],
										"type": "text/javascript"
									}
								},
								{
									"listen": "test",
									"script": {
										"exec": [
											""
										],
										"type": "text/javascript"
									}
								}
							],
							"request": {
								"method": "POST",
								"header": [],
								"body": {
									"mode": "raw",
									"raw": "{\r\n    \"content\": \"Комментарий\",\r\n    \"project_id\": 2297380770\r\n}",
									"options": {
										"raw": {
											"language": "json"
										}
									}
								},
								"url": {
									"raw": "{{url}}/comments",
									"host": [
										"{{url}}"
									],
									"path": [
										"comments"
									]
								}
							},
							"response": []
						},
						{
							"name": "Удалить комментарий",
							"event": [
								{
									"listen": "prerequest",
									"script": {
										"exec": [
											""
										],
										"type": "text/javascript"
									}
								},
								{
									"listen": "test",
									"script": {
										"exec": [
											""
										],
										"type": "text/javascript"
									}
								}
							],
							"request": {
								"method": "DELETE",
								"header": [],
								"url": {
									"raw": "{{url}}/comments/3126572784",
									"host": [
										"{{url}}"
									],
									"path": [
										"comments",
										"3126572784"
									]
								}
							},
							"response": []
						}
					]
				},
				{
					"name": "Авторизация",
					"event": [
						{
							"listen": "test",
							"script": {
								"exec": [
									""
								],
								"type": "text/javascript"
							}
						}
					],
					"request": {
						"method": "GET",
						"header": [],
						"url": {
							"raw": "{{url}}/projects",
							"host": [
								"{{url}}"
							],
							"path": [
								"projects"
							]
						}
					},
					"response": []
				}
			],
			"auth": {
				"type": "bearer",
				"bearer": [
					{
						"key": "token",
						"value": "3371f5e0b34020f68c97b3403c49f75645f4de24",
						"type": "string"
					}
				]
			},
			"event": [
				{
					"listen": "prerequest",
					"script": {
						"type": "text/javascript",
						"exec": [
							""
						]
					}
				},
				{
					"listen": "test",
					"script": {
						"type": "text/javascript",
						"exec": [
							""
						]
					}
				}
			]
		}
	],
	"variable": [
		{
			"key": "project_id",
			"value": ""
		},
		{
			"key": "project_name",
			"value": ""
		},
		{
			"key": "last_project_id",
			"value": ""
		},
		{
			"key": "project_favorite",
			"value": ""
		},
		{
			"key": "task_id",
			"value": ""
		},
		{
			"key": "task_due_lang",
			"value": ""
		},
		{
			"key": "task_priority",
			"value": ""
		},
		{
			"key": "task_assignee",
			"value": ""
		},
		{
			"key": "comment_content",
			"value": ""
		},
		{
			"key": "comment_task_id",
			"value": ""
		},
		{
			"key": "comment_id",
			"value": ""
		},
		{
			"key": "comment_project_id",
			"value": ""
		},
		{
			"key": "task_content",
			"value": ""
		},
		{
			"key": "task_description",
			"value": ""
		}
	]
}